{
  "project_info": {
    "project_number": "1036798152519",
    "firebase_url": "https://espacocultural-1b2bd-default-rtdb.firebaseio.com",
    "project_id": "espacocultural-1b2bd",
    "storage_bucket": "espacocultural-1b2bd.firebasestorage.app"
  },
  "client": [
    {
      "client_info": {
        "mobilesdk_app_id": "1:1036798152519:android:5dccce633d3cc056fb0662",
        "android_client_info": {
          "package_name": "build.gradle"
        }
      },
      "oauth_client": [
        {
          "client_id": "1036798152519-kilvvpojvd4uiv9m4f2o24ngf14c1vdq.apps.googleusercontent.com",
          "client_type": 3
        }
      ],
      "api_key": [
        {
          "current_key": "AIzaSyDQIuc2LUnbNoY4cJ0y6FKfVRA_qb56vjs"
        }
      ],
      "services": {
        "appinvite_service": {
          "other_platform_oauth_client": [
            {
              "client_id": "1036798152519-kilvvpojvd4uiv9m4f2o24ngf14c1vdq.apps.googleusercontent.com",
              "client_type": 3
            }
          ]
        }
      }
    },
    {
      "client_info": {
        "mobilesdk_app_id": "1:1036798152519:android:3933d6c5bd575e75fb0662",
        "android_client_info": {
          "package_name": "com.example.espacocultural"
        }
      },
      "oauth_client": [
        {
          "client_id": "1036798152519-kilvvpojvd4uiv9m4f2o24ngf14c1vdq.apps.googleusercontent.com",
          "client_type": 3
        }
      ],
      "api_key": [
        {
          "current_key": "AIzaSyDQIuc2LUnbNoY4cJ0y6FKfVRA_qb56vjs"
        }
      ],
      "services": {
        "appinvite_service": {
          "other_platform_oauth_client": [
            {
              "client_id": "1036798152519-kilvvpojvd4uiv9m4f2o24ngf14c1vdq.apps.googleusercontent.com",
              "client_type": 3
            }
          ]
        }
      }
    }
  ],
  "configuration_version": "1"
}